Family,CommonName,Genus,Species,MimsCol
Cyprinidae,Minnows and Carps,47,250,grey95
Percidae,Perch,7,184,grey95
Catostomidae,Suckers,12,62,grey95
Ictaluridae,Catfish,6,39,grey95
Salmonidae,Salmon,7,36,grey95
Fundulidae,Topminnows and killifishes,3,32,grey95
Centrarchidae,Sunfish,8,31,grey95
Cottidae,Sculpins,1,27,grey95
Petromyzontidae,Lamprey,3,18,grey95
Cyprinodontidae,Pupfishes,3,15,grey95
Poeciliidae,Live-bearers,4,14,grey95
Clupeidae,"Herrings, shads, sardines, menhadens",2,8,grey95
Acipenseridae,Sturgeons,2,7,grey95
Amblyopsidae,Cavefish,5,6,grey95
Elassomatidae,Pygmy sunfishes,1,6,grey95
Lepisosteidae,Gar,2,5,grey95
Esocidae,Pikes,1,4,grey95
Gasterosteidae,Sticklebacks and tubesnouts,4,4,grey95
Moronidae,Temperate Basses,1,4,grey95
Osmeridae,Smelts,2,4,grey95
Umbridae,Mudminnows,3,4,grey95
Goodeidae,Splitfins,2,3,grey95
Gadidae,Cods and Haddocks,2,2,grey95
Hiodontidae,Mooneyes,1,2,grey95
Percopsidae,Trout-Perches,1,2,grey95
Syngnathidae,Pipfishes and Seahorses,2,2,grey95
Amiidae,Bowfins,1,1,grey95
Anguillidae,Freshwater eels,1,1,grey95
Aphredoderidae,Pirate perches,1,1,grey95
Characidae,Characins,1,1,grey95
Mugilidae,Mullet,1,1,grey95
Polyodontidae,Paddlefish,1,1,grey95
